﻿nom;num_station;nb_bornettes;En_service;M_en_S_16_nov_07;street;Mot_Directeur;No;Nrivoli;commune;code_insee;X_CC43;Y_CC43;X_WGS84;Y_WGS84
DUCLOS;260;18;oui;2013;RUE LEONCE DUCLOS;DUCLOS (RUE LEONCE DUCLOS);;;Toulouse;31555;1573644.2138;2272827.68;1.433795957305;43.6449599546154
VAN DYCK;261;18;oui;2013;RUE ANTOINE VAN DYCK;DYCK (RUE ANTOINE VAN DYCK);;;Toulouse;31555;1574155.5463;2272336.7892;1.44024551973681;43.6406279902716
BORDEROUGE;262;18;oui;2013;CHE DE BORDEROUGE;BORDEROUGE (CHE DE BORDEROUGE);;;Toulouse;31555;1575449.4753;2272526.2864;1.45623608611347;43.6425484124326
IZAR;273;0;oui;2013;RPT LOUIS IZAR;IZAR (RPT LOUIS IZAR);;;Toulouse;31555;1570181.6876;2265580.9994;1.39260607283742;43.5791571884953
PLACE DES PRADETTES;275;0;oui;2013;PL DES PRADETTES;PRADETTES (PL DES PRADETTES);;;Toulouse;31555;1569877.9135;2265841.703;1.38878379916127;43.5814509455001
PLACE JEAN BAYLET;263;0;oui;2013;AV JEAN BAYLET;BAYLET (AV JEAN BAYLET);;;Toulouse;31555;1570686.1636;2266158.6464;1.39871460190206;43.5844422796351
PLACE SAUVEGRAIN;269;18;oui;2013;PL JACQUES SAUVEGRAIN;SAUVEGRAIN (PL JACQUES SAUVEGRAIN);;3105558180;Toulouse;31555;1569012.4328;2266796.197;1.37784158963306;43.5898907213525
ZAMENHOF;277;0;oui;2013;ALL DU DR LEJZER L ZAMENHOF;ZAMENHOF (ALL DU DR LEJZER L ZAMENHOF);;;Toulouse;31555;1568956.3908;2266302.9098;1.37726572030753;43.5854418001166
MARIN;276;0;oui;2013;CHE DU MARIN;MARIN (CHE DU MARIN);;;Toulouse;31555;1569151.8441;2265857.5452;1.37979179963735;43.5814678307114
TRENTIN;270;0;oui;2013;BD SILVIO TRENTIN;TRENTIN (BD SILVIO TRENTIN);;3105558356;Toulouse;31555;1573119.1879;2270508.8202;1.42782751470151;43.6240039579785
PLACE CAMPAN;254;0;oui;2013;PL LOUIS CAMPAN;CAMPAN (PL LOUIS CAMPAN);;;Toulouse;31555;1571306.5694;2266073.0222;1.40641531228392;43.5837779037735
CHÂTEAU DE L'HERS;257;0;oui;2013;CHE DU CHATEAU DE L HERS;HERS (CHE DU CHATEAU DE L HERS);;;Toulouse;31555;1577571.7283;2267838.0706;1.48358375360941;43.6007058527761
ROTONDE;256;0;oui;2013;AV DE CASTRES;CASTRES (AV DE CASTRES);;;Toulouse;31555;1577594.7856;2267363.165;1.4839754223613;43.5964357531643
SELLIER;255;0;oui;2013;ALL HENRI SELLIER;SELLIER (ALL HENRI SELLIER);;;Toulouse;31555;1574010.4566;2265261.3826;1.44007581965509;43.5769304760083
GONIN;267;0;oui;2013;RUE CLAUDE GONIN;GONIN (RUE CLAUDE GONIN);;;Toulouse;31555;1577545.3768;2264862.1116;1.48392256764421;43.5739197476364
LAFOURGUETTE;264;0;oui;2013;PL DES GLIERES;GLIERES (PL DES GLIERES);;;Toulouse;31555;1571588.7744;2263981.628;1.41039892852515;43.5650049724968
BORDELONGUE;265;0;oui;2013;PAS DU CANAL DE BORDELONGUE;BORDELONGUE (PAS DU CANAL DE BORDELONGUE);;;Toulouse;31555;1571833.339;2264312.9284;1.41334822229747;43.5680280611284
TOURAINE;266;0;oui;2013;RUE DE LA TOURAINE;TOURAINE (RUE DE LA TOURAINE);;;Toulouse;31555;1571896.9053;2264941.3696;1.41398810197613;43.5736943993495
GALLIENI;274;0;oui;2013;RTE DE SEYSSES;SEYSSES (RTE DE SEYSSES);;;Toulouse;31555;1572341.0819;2264965.9252;1.41948032091196;43.5739907256737
ANCELY;271;0;oui;2013;AV DES ARENES ROMAINES;ROMAINES (AV DES ARENES ROMAINES);110;3105550448;Toulouse;31555;1570620.7192;2270036.8092;1.39698816890331;43.6193313134776
ARÈNES ROMAINES;278;0;oui;2013;AV DES ARENES ROMAINES;ROMAINES (AV DES ARENES ROMAINES);;3105550448;Toulouse;31555;1570616.2287;2269466.6882;1.39706730933322;43.6141999519079
ESPAGNO;279;0;oui;2013;AV DE CASSELARDIT;CASSELARDIT (AV DE CASSELARDIT);;3105551748;Toulouse;31555;1570962.8379;2269396.0996;1.40137704448921;43.6136241578888
WAGNER;282;0;oui;2013;BD RICHARD WAGNER;WAGNER (BD RICHARD WAGNER);;3105557468;Toulouse;31555;1571978.7157;2268592.1032;1.41414761262649;43.6065621497464
CHARBONNIÈRE;280;0;oui;2013;RUE DE LA CHARBONNIERE;CHARBONNIERE (RUE DE LA CHARBONNIERE);;;Toulouse;31555;1574688.8007;2264912.9526;1.44855240067619;43.5739078905341
QUAI DE TOUNIS;27;22;oui;2007;QU DE TOUNIS;TOUNIS (QU DE TOUNIS);122B;3105558520;Toulouse;31555;1574082.159;2267717.4206;1.44039892005761;43.59904509413
LAFAYETTE;2;22;oui;2007;RUE LAFAYETTE;LAFAYETTE (RUE LAFAYETTE);21;3105554920;Toulouse;31555;1574488.5132;2268358.2984;1.44528393189637;43.6048803141654
PLACE SAINT ETIENNE;24;20;oui;2007;PL SAINT ETIENNE;ETIENNE (PL SAINT ETIENNE);14;3105557756;Toulouse;31555;1574804.2979;2267818.8124;1.44931801794139;43.6000778624828
PLACE ROUAIX;25;17;oui;2007;RUE DES TOURNEURS;TOURNEURS (RUE DES TOURNEURS);1;3105558536;Toulouse;31555;1574492.7209;2267762.8736;1.44547250449936;43.5995226263566
PLACE DE LA DAURADE;11;28;oui;2007;PL DE LA DAURADE;DAURADE (PL DE LA DAURADE);2;3105552520;Toulouse;31555;1574024.3628;2267959.8964;1.43962745298722;43.6012175389831
PLACE DUPUY;43;22;oui;2007;PL DOMINIQUE MARTIN DUPUY;DUPUY (PL DOMINIQUE MARTIN DUPUY);14;3105552828;Toulouse;31555;1575246.2856;2267821.5834;1.45479063783504;43.6001760982675
DAURIAC - ESCANDE;42;23;oui;2007;BD PR LEOPOLD ESCANDE;ESCANDE (BD PR LEOPOLD ESCANDE);3;3105557151;Toulouse;31555;1575353.45;2267981.2736;1.45608133922493;43.6016309305582
POMME;3;19;oui;2007;RUE DE LA POMME;POMME (RUE DE LA POMME);62;3105556988;Toulouse;31555;1574503.2958;2268179.0476;1.44550808377576;43.6032696509439
CARNOT - LABEDA;21;22;oui;2007;BD LAZARE CARNOT;CARNOT (BD LAZARE CARNOT);63;3105555132;Toulouse;31555;1574879.9595;2268262.0356;1.45015368757085;43.6040791182071
VERDIER - GRAND ROND;65;27;oui;2007;ALL FORAIN FRANCOIS VERDIER;VERDIER (ALL FORAIN FRANCOIS VERDIER);2;3105553396;Toulouse;31555;1575067.0002;2267455.5708;1.45265398792774;43.5968525411427
JARDIN ROYAL;66;23;oui;2007;RUE DU HUIT MAI 1945;MAI 1945 (RUE DU HUIT MAI 1945);0;3105554272;Toulouse;31555;1574926.877;2267414.2102;1.45092834304742;43.5964570828108
FEUGA;69;20;oui;2007;ALL PAUL FEUGA;FEUGA (ALL PAUL FEUGA);11;3105556620;Toulouse;31555;1574290.8787;2267004.1292;1.44314720709442;43.5926608264324
OZENNE - NAZARETH;45;19;oui;2007;RUE THEODORE OZENNE;OZENNE (RUE THEODORE OZENNE);10;3105556448;Toulouse;31555;1574619.8059;2267400.8458;1.447129091192;43.5962857886915
CHATEAU D EAU;75;21;oui;2007;PL LAGANNE;LAGANNE (PL LAGANNE);12;3105554944;Toulouse;31555;1573781.7638;2267658.3318;1.43669274179426;43.598463086278
SEJOURNE - CATALANS;82;16;oui;2007;AV PAUL SEJOURNE;SEJOURNE (AV PAUL SEJOURNE);1;3105556648;Toulouse;31555;1573096.7767;2268468.9424;1.42802279230806;43.6056429267125
SEJOURNE  -  AMIDONNIERS;83;15;oui;2007;AV PAUL SEJOURNE;SEJOURNE (AV PAUL SEJOURNE);2;3105556648;Toulouse;31555;1573114.9158;2268469.913;1.428247207846;43.6056547159999
LASCROSSES -  PLACE ARNAUD BERNARD;90;26;oui;2007;BD LASCROSSES;LASCROSSES (BD LASCROSSES);3B;3105555080;Toulouse;31555;1573919.6666;2269078.0206;1.43807348919807;43.6112623008326
VALADE;29;19;oui;2007;RUE VALADE;VALADE (RUE VALADE);31;3105558676;Toulouse;31555;1573845.5982;2268392.2234;1.43731413300928;43.6050782529742
PLACE ANATOLE FRANCE;30;25;oui;2007;PL ANATOLE FRANCE;FRANCE (PL ANATOLE FRANCE);40;3105550272;Toulouse;31555;1573935.8954;2268526.8894;1.43840139062854;43.6063052572324
DUPORTAL -  LASCROSSES;88;25;oui;2007;BD LASCROSSES;LASCROSSES (BD LASCROSSES);17T;3105555080;Toulouse;31555;1573671.2751;2268965.6328;1.43502297471373;43.6102092923379
MERLY -  ARCOLE;57;15;oui;2007;RUE MERLY;MERLY (RUE MERLY);15;3105555896;Toulouse;31555;1574322.3325;2268974.372;1.44308450269496;43.6103968153611
RAYMOND IV;97;20;oui;2007;RUE RAYMOND IV;RAYMOND IV (RUE RAYMOND IV);00;3105557320;Toulouse;31555;1574998.6571;2269182.5336;1.45141348960701;43.6123826210174
BERALDI;33;15;oui;2007;RUE HENRI BERALDI;BERALDI (RUE HENRI BERALDI);11;3105554120;Toulouse;31555;1574360.6379;2268775.0894;1.44360465961975;43.6086098111715
CHAINE;54;18;oui;2007;RUE DE LA CHAINE;CHAINE (RUE DE LA CHAINE);10;3105551844;Toulouse;31555;1574025.2973;2268789.8316;1.43944808947861;43.6086864892571
SALENQUES;31;17;oui;2007;RUE DES SALENQUES;SALENQUES (RUE DES SALENQUES);7;3105558100;Toulouse;31555;1574023.7783;2268645.7968;1.43946241727089;43.6073900316408
PLACE SAINT JULIEN;53;24;oui;2007;PL SAINT JULIEN;JULIEN (PL SAINT JULIEN);0;3105557864;Toulouse;31555;1573822.3505;2268794.903;1.43693343205179;43.6086981702116
DUPORTAL -  CITE ADMINISTRATIVE;52;21;oui;2007;BD ARMAND DUPORTAL;DUPORTAL (BD ARMAND DUPORTAL);41;3105550492;Toulouse;31555;1573647.1216;2268784.3248;1.43476567041527;43.6085736106965
PLACE VICTOR HUGO;7;26;oui;2007;RUE DU REMPART VILLENEUVE;VILLENEUVE (RUE DU REMPART VILLENEUVE);6;3105557388;Toulouse;31555;1574587.5807;2268455.0412;1.44648864765214;43.6057674225483
STRASBOURG - JAURES;18;24;oui;2007;BD DE STRASBOURG;STRASBOURG (BD DE STRASBOURG);4;3105558328;Toulouse;31555;1574729.1487;2268510.6838;1.44822915254322;43.6062917135037
LOIS;6;20;oui;2007;RUE DES LOIS;LOIS (RUE DES LOIS);5;3105555304;Toulouse;31555;1574246.6443;2268391.1662;1.44228102933692;43.605135774453
ARCOLE -  BALANCE;91;23;oui;2007;BD D ARCOLE;ARCOLE (BD D ARCOLE);48;3105550428;Toulouse;31555;1574048.9419;2269109.7344;1.43966733128761;43.6115693218884
SAINT SERNIN  -  MERLY;56;14;oui;2007;RUE MERLY;MERLY (RUE MERLY);1;3105555896;Toulouse;31555;1574287.9975;2268825.1854;1.44269350834486;43.60904852145
STRASBOURG  - SARDANE;17;25;oui;2007;BD DE STRASBOURG;STRASBOURG (BD DE STRASBOURG);7;3105558328;Toulouse;31555;1574689.9228;2268524.7502;1.44774013990381;43.6064117784548
SAINT SERNIN -  GATIEN ARNOULT;55;13;oui;2007;RUE GATIEN ARNOULT;ARNOULT (RUE GATIEN ARNOULT);2;3105553780;Toulouse;31555;1574159.3354;2268826.712;1.44109967115332;43.6090407825795
PLACE SAINT PIERRE;28;22;oui;2007;PL SAINT PIERRE;PIERRE (PL SAINT PIERRE);6;3105557948;Toulouse;31555;1573742.9418;2268218.1866;1.43608294062241;43.6034948597108
ESPACE SAINT GEORGES;8;24;oui;2007;RUE PAUL VIDAL;VIDAL (RUE PAUL VIDAL);19;3105556660;Toulouse;31555;1574714.7777;2268169.0088;1.44812935018756;43.6032144995715
CARNOT ROLAND;22;20;oui;2007;BD LAZARE CARNOT;CARNOT (BD LAZARE CARNOT);24;3105555132;Toulouse;31555;1575004.5889;2268131.1136;1.45172699115784;43.6029215981204
CARNOT -  TROIS JOURNEES;20;27;oui;2007;BD LAZARE CARNOT;CARNOT (BD LAZARE CARNOT);69;3105555132;Toulouse;31555;1574830.704;2268329.5038;1.44952828207061;43.604678102742
CARNOT  - PERI;19;25;oui;2007;BD LAZARE CARNOT;CARNOT (BD LAZARE CARNOT);62;3105555132;Toulouse;31555;1574821.1322;2268384.1608;1.44939724813424;43.6051683857795
PALAIS NIEL;44;20;oui;2007;ALL FORAIN FRANCOIS VERDIER;VERDIER (ALL FORAIN FRANCOIS VERDIER);1;3105553396;Toulouse;31555;1574988.3636;2267566.7374;1.45165488885574;43.597839922459
GARONNETTE;50;23;oui;2007;AV MAURICE HAURIOU;HAURIOU (AV MAURICE HAURIOU);1;3105555804;Toulouse;31555;1574118.0228;2267196.264;1.44096279942018;43.5943610520498
PLACE DU SALIN;48;22;oui;2007;PL DU SALIN;SALIN (PL DU SALIN);18;3105558116;Toulouse;31555;1574364.0434;2267237.6992;1.44399954163806;43.5947749915482
DALBADE - DE GORSSE;26;21;oui;2007;RUE HENRY DE GORSSE;GORSSE (RUE HENRY DE GORSSE);9;3105554132;Toulouse;31555;1574282.8469;2267596.4468;1.44291181172947;43.5979899231196
PLACE DES CARMES;46;20;oui;2007;PL DES CARMES;CARMES (PL DES CARMES);37;3105551708;Toulouse;31555;1574472.6855;2267529.3296;1.44527793081158;43.5974175610187
NAZARETH -  LANGUEDOC;47;25;oui;2007;RUE DU LANGUEDOC;LANGUEDOC (RUE DU LANGUEDOC);12;3105555000;Toulouse;31555;1574476.9569;2267286.0472;1.44538657567543;43.595228903839
PARGAMINIERES;12;23;oui;2007;RUE PARGAMINIERES;PARGAMINIERES (RUE PARGAMINIERES);66;3105556540;Toulouse;31555;1574095.7334;2268334.7396;1.44042508491828;43.604602777324
PLACE ESQUIROL;10;18;oui;2007;PL ETIENNE ESQUIROL;ESQUIROL (PL ETIENNE ESQUIROL);15;3105553084;Toulouse;31555;1574448.4704;2267858.206;1.44490268995186;43.6003731780294
STRASBOURG  -  BAYARD;16;21;oui;2007;BD DE STRASBOURG;STRASBOURG (BD DE STRASBOURG);32;3105558328;Toulouse;31555;1574606.2112;2268687.0454;1.44666624291303;43.6078583886904
FITTE -  CUGNAUX;72;18;oui;2007;ALL CHARLES DE FITTE;FITTE (ALL CHARLES DE FITTE);23;3105551920;Toulouse;31555;1573440.063;2267295.3746;1.43254537055656;43.5951394322922
PLACE LANGE;79;19;oui;2007;PL LANGE;LANGE (PL LANGE);1;3105554996;Toulouse;31555;1573580.5159;2267949.2588;1.4341335569623;43.6010474799825
FITTE - TEINTURIERS;73;17;oui;2007;ALL CHARLES DE FITTE;FITTE (ALL CHARLES DE FITTE);40;3105551920;Toulouse;31555;1573410.075;2267426.5368;1.43214373954457;43.5963147591924
FITTE - VARSI;80;23;oui;2007;ALL CHARLES DE FITTE;FITTE (ALL CHARLES DE FITTE);89B;3105551920;Toulouse;31555;1573193.2381;2267804.0956;1.42937135576231;43.599676052245
HERACLES - BEARNAIS;86;18;oui;2007;RUE DU BEARNAIS;BEARNAIS (RUE DU BEARNAIS);23;3105550948;Toulouse;31555;1573148.5186;2268730.998;1.42860286855771;43.6080099354013
PERIGORD;14;20;oui;2007;RUE DE PERIGORD;PERIGORD (RUE DE PERIGORD);26;3105556756;Toulouse;31555;1574442.9159;2268643.1534;1.44465392585666;43.607436200984
LOIS -  ESQUILE;13;15;oui;2007;RUE DE L ESQUILE;ESQUILE (RUE DE L ESQUILE);1;3105553080;Toulouse;31555;1574173.6063;2268503.7018;1.44135064794755;43.6061363180481
BONREPOS;61;25;oui;2007;BD DE BONREPOS;BONREPOS (BD DE BONREPOS);8T;3105551256;Toulouse;31555;1575103.0992;2268968.0126;1.45275602509899;43.61046941231
PLACE JEANNE D'ARC;35;20;oui;2007;RUE RAYMOND IV;RAYMOND IV (RUE RAYMOND IV);1;3105557320;Toulouse;31555;1574633.0933;2268887.1206;1.44695335978884;43.6096633889663
CONCORDE -  ARCOLE;58;25;oui;2007;RUE DE LA CONCORDE;CONCORDE (RUE DE LA CONCORDE);4;3105552256;Toulouse;31555;1574366.2092;2269005.2624;1.4436208412972;43.6106821227918
POIDS DE L'HUILE;1;20;oui;2007;RUE DU POIDS DE L HUILE;HUILE (RUE DU POIDS DE L HUILE);12;3105556972;Toulouse;31555;1574496.853;2268280.806;1.44540497477852;43.604184328769
DUPORTAL - CANAL DE BRIENNE;51;18;oui;2007;BD ARMAND DUPORTAL;DUPORTAL (BD ARMAND DUPORTAL);1;3105550492;Toulouse;31555;1573618.9599;2268456.495;1.43449255911763;43.6056186711109
MONUMENT AUX COMBATTANTS;23;24;oui;2007;BD LAZARE CARNOT;CARNOT (BD LAZARE CARNOT);6;3105555132;Toulouse;31555;1575029.8043;2267951.232;1.45208030447654;43.6013069747351
CAPTAINERIE PORT  - ST SAUVEUR;101;20;oui;2008;PORT SAINT SAUVEUR;SAUVEUR (PORT SAINT SAUVEUR);5;3105558066;Toulouse;31555;1575323.6062;2267202.3948;1.4558890693693;43.5946166265784
LAGANNE - TEINTURIERS;74;18;oui;2008;RUE LAGANNE;LAGANNE (RUE LAGANNE);37;3105554948;Toulouse;31555;1573741.2674;2267459.548;1.43623710387768;43.5966673942037
JARDIN RAYMOND VI;81;33;oui;2008;ALL CHARLES DE FITTE;FITTE (ALL CHARLES DE FITTE);76;3105551920;Toulouse;31555;1573201.4498;2267828.0838;1.42946748828319;43.5998933096914
LASCROSSES -  LECLERC;87;26;oui;2008;BD LASCROSSES;LASCROSSES (BD LASCROSSES);47;3105555080;Toulouse;31555;1573426.6496;2268862.046;1.43201717288516;43.6092360377417
HOTEL DE POLICE;123;15;oui;2008;RUE DE CHAUSSAS;CHAUSSAS (RUE DE CHAUSSAS);1;3105551996;Toulouse;31555;1573510.9345;2269499.7194;1.43291370930735;43.6149887505532
BRIENNE -  MANUFACTURE;84;24;oui;2008;ALL DE BRIENNE;BRIENNE (ALL DE BRIENNE);19T;3105551424;Toulouse;31555;1573451.0306;2268436.8116;1.43241741661268;43.6054133518165
HOTEL DE DEPARTEMENT;109;20;oui;2008;BD DE LA MARQUETTE;MARQUETTE (BD DE LA MARQUETTE);1;3105555716;Toulouse;31555;1573684.3336;2269526.6306;1.43505526159738;43.6152600217765
LECLERC -  BARCELONE;85;20;oui;2008;BD DU MARECHAL LECLERC;LECLERC (BD DU MARECHAL LECLERC);2;3105555656;Toulouse;31555;1573317.1017;2268601.7922;1.43072063282812;43.606875545691
MUSEE ST RAYMOND;32;12;oui;2008;RUE DES TROIS RENARDS;RENARDS (RUE DES TROIS RENARDS);8;3105558616;Toulouse;31555;1574173.0274;2268666.7868;1.44130600070616;43.6076038635741
PLACE SCHUMAN;36;23;oui;2008;PL ROBERT SCHUMAN;SCHUMAN (PL ROBERT SCHUMAN);5;3105557536;Toulouse;31555;1574826.0672;2268873.4062;1.44934651482759;43.6095720528102
PISCINE LEO LAGRANGE;63;22;oui;2008;RUE DES SEPT TROUBADOURS;TROUBADOURS (RUE DES SEPT TROUBADOURS);54;3105558224;Toulouse;31555;1575217.7613;2268630.1346;1.45425316479672;43.6074477564428
PLACE DE DAMLOUP;39;19;oui;2008;PL DE DAMLOUP;DAMLOUP (PL DE DAMLOUP);2;3105552480;Toulouse;31555;1575100.0073;2268451.3224;1.45283559934517;43.6058190674765
SAINT LAZARE;34;17;oui;2008;PETITE-RUE SAINT LAZARE;LAZARE (PETITE-RUE SAINT LAZARE);2;3105557876;Toulouse;31555;1574563.094;2268880.9332;1.4460878230204;43.6095960569557
MINIMES -  PASSERELLE;111;22;oui;2008;BD DES MINIMES;MINIMES (BD DES MINIMES);38B;3105555960;Toulouse;31555;1574315.7287;2269517.8692;1.44287793090323;43.6152867705544
BARRIERE DE PARIS;125;20;oui;2008;BRE DE PARIS;PARIS (BRE DE PARIS);00;310555B279;Toulouse;31555;1573625.9858;2270839.2164;1.43402945574573;43.6270624409144
DEMOISELLES - MISTRAL;115;16;oui;2008;ALL DES DEMOISELLES;DEMOISELLES (ALL DES DEMOISELLES);8;3105552584;Toulouse;31555;1575108.5578;2266764.892;1.45332605355888;43.5906437945816
PONT DES DEMOISELLES;98;20;oui;2008;ALL DES DEMOISELLES;DEMOISELLES (ALL DES DEMOISELLES);80;3105552584;Toulouse;31555;1575629.1366;2266421.4122;1.45984950519688;43.5876387848011
PLACE INT ST CYPRIEN DARRE;78;17;oui;2008;PL INTERIEURE ST CYPRIEN;CYPRIEN (PL INTERIEURE ST CYPRIEN);14;3105554336;Toulouse;31555;1573354.0701;2267629.5128;1.43140332849084;43.5981319833317
PLACE INT SAINT CYPRIEN;77;13;oui;2008;PL INTERIEURE ST CYPRIEN;CYPRIEN (PL INTERIEURE ST CYPRIEN);2;3105554336;Toulouse;31555;1573370.6195;2267590.178;1.43161735088217;43.5977807803459
MUSEUM;67;28;oui;2008;ALL JULES GUESDE;GUESDE (ALL JULES GUESDE);35;3105554812;Toulouse;31555;1574752.4244;2267178.43;1.4488220949579;43.5943062540237
SABATIER - PORT ST SAUVEUR;100;19;oui;2008;ALL PAUL SABATIER;SABATIER (ALL PAUL SABATIER);16;3105556644;Toulouse;31555;1575304.9771;2267425.6524;1.45560757526394;43.5966227092743
REPUBLIQUE - PLACE OLIVIER;76;20;oui;2008;RUE DE LA REPUBLIQUE;REPUBLIQUE (RUE DE LA REPUBLIQUE);34;3105557428;Toulouse;31555;1573649.3616;2267672.0614;1.43505005326757;43.5985644555868
ST AUBIN  - CAMICHEL;41;20;oui;2008;RUE CHARLES CAMICHEL;CAMICHEL (RUE CHARLES CAMICHEL);1;3105551560;Toulouse;31555;1575223.8205;2268102.6818;1.45444839892549;43.6027020651174
COLOMBETTE;40;17;oui;2008;RUE DE LA COLOMBETTE;COLOMBETTE (RUE DE LA COLOMBETTE);41;3105552192;Toulouse;31555;1575168.6115;2268310.9544;1.45371722346811;43.6045672253346
JAURES  -  STALINGRAD;62;23;oui;2008;ALL JEAN JAURES;JAURES (ALL JEAN JAURES);71T;3105554600;Toulouse;31555;1575120.1393;2268792.882;1.4530070197967;43.6088961907693
ROQUELAINE;60;21;oui;2008;PL ROQUELAINE;ROQUELAINE (PL ROQUELAINE);32;3105557600;Toulouse;31555;1574760.6116;2269216.2432;1.44845740689087;43.6126464509325
CONCORDE -  PRINTEMPS;59;18;oui;2008;RUE DE LA CONCORDE;CONCORDE (RUE DE LA CONCORDE);61;3105552256;Toulouse;31555;1574597.1973;2269306.887;1.44641262679589;43.6134349949732
PRINTEMPS - INGRES;93;15;oui;2008;RUE DU PRINTEMPS;PRINTEMPS (RUE DU PRINTEMPS);57;3105557140;Toulouse;31555;1574367.5504;2269440.2084;1.4435376351212;43.6145965267002
CHALETS;92;13;oui;2008;RUE DES CHALETS;CHALETS (RUE DES CHALETS);31;3105551852;Toulouse;31555;1574186.9658;2269282.9054;1.44133703617336;43.613150787548
ESP COMPANS CAFFARELLI;89;23;oui;2008;ESP COMPANS CAFFARELLI;CAFFARELLI (ESP COMPANS CAFFARELLI);1;3105552251;Toulouse;31555;1573805.7892;2269057.3112;1.43666783604631;43.6110568679286
SEBASTOPOL - LASCROSSES;107;25;oui;2008;RUE DE SEBASTOPOL;SEBASTOPOL (RUE DE SEBASTOPOL);1;3105558204;Toulouse;31555;1573296.9599;2268903.8196;1.43040129111837;43.6095901703799
EMBOUCHURE -  HAEDENS;122;20;oui;2008;BD DE L EMBOUCHURE;EMBOUCHURE (BD DE L EMBOUCHURE);57;3105552952;Toulouse;31555;1573292.2335;2269333.8122;1.43024323237177;43.6134589692269
CHAPOU;119;24;oui;2008;ALL DE BRIENNE;BRIENNE (ALL DE BRIENNE);129;3105551424;Toulouse;31555;1572427.0027;2268963.2936;1.41961292669824;43.6099785962812
BRIENNE  -  PASSERELLE;106;15;oui;2008;ALL DE BRIENNE;BRIENNE (ALL DE BRIENNE);99;3105551424;Toulouse;31555;1572766.7771;2268784.3968;1.42386267118139;43.6084261192239
SEMARD -  GARE ROUTIERE;94;20;oui;2008;BD PIERRE SEMARD;SEMARD (BD PIERRE SEMARD);73;3105556916;Toulouse;31555;1575007.7382;2269348.4072;1.45148809225847;43.6138768650435
MEDIATHEQUE;96;25;oui;2008;ALL JACQUES CHABAN DELMAS;DELMAS (ALL JACQUES CHABAN DELMAS);1;3105554399;Toulouse;31555;1575305.5245;2268893.8686;1.45528002554871;43.6098356983546
PERI -  MERCADIER;64;18;oui;2008;RUE GABRIEL PERI;PERI (RUE GABRIEL PERI);30;3105553660;Toulouse;31555;1575268.2761;2268491.0016;1.45491047373616;43.6062040241635
COURS DILLON;71;24;oui;2008;RUE LAGANNE;LAGANNE (RUE LAGANNE);3;3105554948;Toulouse;31555;1573639.3992;2267082.8138;1.43506262780464;43.5932599871273
BARCELONE - PONT JUMEAUX;120;20;oui;2008;ALL DE BARCELONE;BARCELONE (ALL DE BARCELONE);152;3105550840;Toulouse;31555;1572494.3889;2268999.1736;1.42043916058349;43.610312893762
MAISON D'ARRET ST MICHEL;128;20;oui;2008;GRANDE-RUE SAINT MICHEL;MICHEL (GRANDE-RUE SAINT MICHEL);18B;3105557916;Toulouse;31555;1574622.7977;2266230.8138;1.44743391704782;43.5857568059075
PLACE DU FER A CHEVAL;70;18;oui;2008;PL DU FER A CHEVAL;CHEVAL (PL DU FER A CHEVAL);5;3105553240;Toulouse;31555;1573545.0714;2267016.0756;1.43391008374255;43.5926435707213
CROIX DE PIERRE - DEODAT DE SEVERAC;129;18;oui;2008;BD DEODAT DE SEVERAC;SEVERAC (BD DEODAT DE SEVERAC);2;3105552600;Toulouse;31555;1573082.0809;2266225.8082;1.42836055660061;43.5854539102978
BILLIERES  -  CHAMPETRE;105;17;oui;2008;AV ETIENNE BILLIERES;BILLIERES (AV ETIENNE BILLIERES);12;3105553116;Toulouse;31555;1573135.5532;2267565.0478;1.42871240964275;43.5975150929143
BILLIERES - POSTE;117;17;oui;2008;AV ETIENNE BILLIERES;BILLIERES (AV ETIENNE BILLIERES);39;3105553116;Toulouse;31555;1572933.0894;2267502.1558;1.42621995844104;43.5969150023664
ECOLE BONNEFOY;126;20;oui;2008;RUE DU FAUBOURG BONNEFOY;BONNEFOY (RUE DU FAUBOURG BONNEFOY);18;3105553204;Toulouse;31555;1575238.356;2269686.7326;1.45426742657189;43.6169597620559
JAURES -  BACHELIER;38;20;oui;2008;ALL JEAN JAURES;JAURES (ALL JEAN JAURES);60;3105554600;Toulouse;31555;1575012.6564;2268637.6628;1.45171127289372;43.6074815108398
EGLISE BONNEFOY;134;20;oui;2008;ALL DE L EGLISE BONNEFOY;BONNEFOY (ALL DE L EGLISE BONNEFOY);8;3105552912;Toulouse;31555;1575447.2759;2269911.0196;1.45680421484667;43.6190127432551
MINIMES - MARCHE AU COCHONS;133;20;oui;2008;AV DES MINIMES;MINIMES (AV DES MINIMES);71;3105555956;Toulouse;31555;1573741.1085;2270130.9758;1.43561908265263;43.6207081615014
MINIMES - BAQUE;132;15;oui;2008;AV DES MINIMES;MINIMES (AV DES MINIMES);101;3105555956;Toulouse;31555;1573651.491;2270384.478;1.43445042874469;43.6229744495121
BILLIERES -  PATTE D OIE;130;16;oui;2008;AV ETIENNE BILLIERES;BILLIERES (AV ETIENNE BILLIERES);66T;3105553116;Toulouse;31555;1572778.0114;2267482.456;1.42430427460646;43.5967115559172
SEBASTOPOL -  RITAY;108;20;oui;2008;RUE DE SEBASTOPOL;SEBASTOPOL (RUE DE SEBASTOPOL);9;3105558204;Toulouse;31555;1573175.7647;2269206.4362;1.42883016991754;43.6122930907194
SERRES -  ARNAUD BERNARD;121;20;oui;2008;AV HONORE SERRES;SERRES (AV HONORE SERRES);33;3105554256;Toulouse;31555;1573937.1421;2269229.143;1.43825513212718;43.6126252093005
MUSEUM  -  DUMERIL;113;20;oui;2008;RUE ALFRED DUMERIL;DUMERIL (RUE ALFRED DUMERIL);58;3105550184;Toulouse;31555;1574769.1411;2266958.0894;1.44907945575499;43.5923261194292
BD MONTPLAISIR -  CANAL;114;20;oui;2008;BD MONPLAISIR;MONPLAISIR (BD MONPLAISIR);8;3105556016;Toulouse;31555;1575483.7949;2266958.0498;1.45792809520708;43.592444169817
MISTRAL -  FLEURANCE;102;20;oui;2008;ALL FREDERIC MISTRAL;MISTRAL (ALL FREDERIC MISTRAL);18;3105553584;Toulouse;31555;1575091.5702;2267086.0524;1.45304249390177;43.5935312040226
ST MICHEL - STE CATHERINE;103;20;oui;2008;GRANDE-RUE SAINT MICHEL;MICHEL (GRANDE-RUE SAINT MICHEL);139;3105557916;Toulouse;31555;1574459.907;2266771.333;1.44529342011539;43.5905939965642
ST MICHEL -  NOTRE DAME;116;15;oui;2008;GRANDE-RUE SAINT MICHEL;MICHEL (GRANDE-RUE SAINT MICHEL);50;3105557916;Toulouse;31555;1574547.7766;2266501.7154;1.44644310150788;43.5881822540737
PLACE DU BUSCA;118;17;oui;2008;PL DU BUSCA;BUSCA (PL DU BUSCA);2;3105551464;Toulouse;31555;1574888.5835;2266544.771;1.4506527457179;43.5886263725152
PLACE RUSSEL -  BRANLY;112;18;oui;2008;ALL EDOUARD BRANLY;BRANLY (ALL EDOUARD BRANLY);47;3105552896;Toulouse;31555;1575072.8046;2266185.2508;1.4530155515505;43.5854214865294
DEMOISELLES - BEGUE;127;16;oui;2008;RUE BEGUE DAVID;DAVID (RUE BEGUE DAVID);1;3105550980;Toulouse;31555;1575318.5865;2266657.181;1.45595100742675;43.5897092409728
METZ  - REMPART ST ETIENNE;99;20;oui;2008;RUE DU REMPART ST ETIENNE;ETIENNE (RUE DU REMPART ST ETIENNE);5;3105557384;Toulouse;31555;1574919.5368;2267909.1662;1.45072441425512;43.6009101182525
MURET -  BARTHERE;104;20;oui;2008;AV DE MURET;MURET (AV DE MURET);223B;3105556160;Toulouse;31555;1573400.8882;2266718.9488;1.43219351658613;43.5899454384996
COUTELIERS -  METZ;49;18;oui;2008;RUE DES COUTELIERS;COUTELIERS (RUE DES COUTELIERS);52;3105552372;Toulouse;31555;1574164.136;2267775.3792;1.4414007259998;43.599580372186
SAINTE URSULE;4;17;oui;2008;RUE SAINTE URSULE;URSULE (RUE SAINTE URSULE);19;3105558076;Toulouse;31555;1574221.5906;2268123.522;1.44203223440706;43.6027229937675
SERRES -  CABANEL;110;18;oui;2008;RUE ALEXANDRE CABANEL;CABANEL (RUE ALEXANDRE CABANEL);16;3105550148;Toulouse;31555;1573923.3528;2269407.479;1.43804326830089;43.6142277867505
THEATRE GARONNE;95;20;oui;2008;AV DU CHATEAU D EAU;EAU (AV DU CHATEAU D EAU);4;3105551976;Toulouse;31555;1572889.2134;2268103.3442;1.42553712890393;43.6023178414256
SAINTE LUCIE;37;18;oui;2008;RUE SAINTE LUCIE;LUCIE (RUE SAINTE LUCIE);38;3105558040;Toulouse;31555;1573230.4886;2267118.7936;1.429991245708;43.5935151103508
BRUNHES FONTAINES;137;20;oui;2008;BD JEAN BRUNHES;BRUNHES (BD JEAN BRUNHES);45;3105554524;Toulouse;31555;1572467.6636;2267970.1594;1.4203478301998;43.6010480572469
FONTAINES MILHES;136;20;oui;2008;RUE DES FONTAINES;FONTAINES (RUE DES FONTAINES);190;3105553380;Toulouse;31555;1572025.286;2268084.3996;1.41484301583495;43.6020011332373
BARRIERE DE LOMBEZ;139;20;oui;2008;AV DE LOMBEZ;LOMBEZ (AV DE LOMBEZ);39;3105555308;Toulouse;31555;1572302.0492;2267357.0086;1.41843992755058;43.5955021268994
EMILE MALE;140;18;oui;2008;PL EMILE MALE;MALE (PL EMILE MALE);4;3105552988;Toulouse;31555;1572309.4916;2266936.4968;1.41863010579351;43.5917190995318
DEODAT DE SEVERAC;142;20;oui;2008;BD DEODAT DE SEVERAC;SEVERAC (BD DEODAT DE SEVERAC);52;3105552600;Toulouse;31555;1572782.0686;2266500.1886;1.42458263001567;43.5878725608364
METRO FONTAINE LESTANG;141;20;oui;2008;RUE HENRI DESBALS;DESBALS (RUE HENRI DESBALS);239;3105554140;Toulouse;31555;1572241.7029;2266451.972;1.41790377357183;43.5873472491271
DESBALS SAINTONGE;143;20;oui;2008;RUE HENRI DESBALS;DESBALS (RUE HENRI DESBALS);145;3105554140;Toulouse;31555;1571885.1852;2265828.0808;1.41363575469533;43.5816721747006
SUISSE LAUSANNE;144;20;oui;2008;BD DE SUISSE;SUISSE (BD DE SUISSE);62;3105558336;Toulouse;31555;1572600.8085;2269626.0904;1.42161129479221;43.6159726367885
GOUNOD GARROS;145;20;oui;2008;RUE CHARLES GOUNOD;GOUNOD (RUE CHARLES GOUNOD);27;3105551940;Toulouse;31555;1572871.0113;2269390.2542;1.4250129089726;43.6138959450846
SANG DE SERP DAGNAUX;146;20;oui;2008;CHE DU SANG DE SERP;SERP (CHE DU SANG DE SERP);57;3105558132;Toulouse;31555;1573144.9976;2269574.77;1.42836374212097;43.615602620054
CHAUSSAS DAUDET;147;19;oui;2008;RUE DE CHAUSSAS;CHAUSSAS (RUE DE CHAUSSAS);96;3105551996;Toulouse;31555;1573218.9183;2270028.9324;1.42917415172569;43.6197021555655
COLLIGNON;148;19;oui;2008;AV FRANCOIS COLLIGNON;COLLIGNON (AV FRANCOIS COLLIGNON);0000;3105552178;Toulouse;31555;1574417.5108;2269658.029;1.44410648029787;43.6165650723723
CURIE NEGRENEYS;151;20;oui;2008;BD PIERRE ET MARIE CURIE;CURIE (BD PIERRE ET MARIE CURIE);27;3105556880;Toulouse;31555;1574354.4128;2270554.5206;1.44311909742902;43.6246222645595
THEATRE DES MAZADES;152;20;oui;2008;AV DES MAZADES;MAZADES (AV DES MAZADES);10;3105555848;Toulouse;31555;1573979.2485;2270507.1524;1.43848239495471;43.6241333206382
RAISIN;149;22;oui;2008;CHE DU RAISIN;RAISIN (CHE DU RAISIN);2;3105557248;Toulouse;31555;1574776.2727;2269521.546;1.44858154177121;43.6153965466258
HOTEL DE REGION;154;20;oui;2008;RUE DES GALLOIS;GALLOIS (RUE DES GALLOIS);4;3105553688;Toulouse;31555;1574173.341;2266702.7518;1.44176111027581;43.5899290277219
RECOLLETS;155;20;oui;2008;BD DES RECOLLETS;RECOLLETS (BD DES RECOLLETS);34;3105557344;Toulouse;31555;1574288.3006;2266015.4872;1.4433421345913;43.5837632998223
METRO EMPALOT;156;20;oui;2008;AV JEAN MOULIN;MOULIN (AV JEAN MOULIN);38;3105554616;Toulouse;31555;1574167.0459;2265550.4432;1.4419477974753;43.5795579840908
URSS RECOLLETS;157;18;oui;2008;AV DE L URSS;URSS (AV DE L URSS);16B;3105558660;Toulouse;31555;1574710.8248;2265913.5674;1.44859626279089;43.5829164365235
URSS ST THOMAS D AQUIN;158;20;oui;2008;AV DE L URSS;URSS (AV DE L URSS);55;3105558660;Toulouse;31555;1574752.1794;2265686.9496;1.44916001924709;43.5808838977418
JULES JULIEN DEVIC;159;20;oui;2008;AV JULES JULIEN;JULIEN (AV JULES JULIEN);96;3105554816;Toulouse;31555;1574836.4104;2265432.2438;1.45026091780773;43.5786057009906
THEATRE JULES JULIEN;160;17;oui;2008;AV DES ECOLES JULES JULIEN;JULIEN (AV DES ECOLES JULES JULIEN);21;3105552860;Toulouse;31555;1575004.7611;2264839.293;1.45248014104867;43.5732974515011
RANGUEIL BEDOUCE;161;16;oui;2008;AV DE RANGUEIL;RANGUEIL (AV DE RANGUEIL);35;3105557268;Toulouse;31555;1575202.6868;2265207.3616;1.45484622844191;43.5766426282409
METRO SAOUZELONG;164;20;oui;2008;AV ALBERT BEDOUCE;BEDOUCE (AV ALBERT BEDOUCE);77;3105550112;Toulouse;31555;1575626.429;2265546.7308;1.46001451740789;43.5797667669059
BEDOUCE CANAL DU MIDI;163;20;oui;2008;AV ALBERT BEDOUCE;BEDOUCE (AV ALBERT BEDOUCE);115;3105550112;Toulouse;31555;1575824.3666;2265743.7526;1.46242017598854;43.5815724707245
ITALIE;162;17;oui;2008;AV D ITALIE;ITALIE (AV D ITALIE);49;3105554364;Toulouse;31555;1575211.4627;2265611.743;1.45486278450323;43.5802832567194
AVIONS LIBELLULES;165;15;oui;2008;AV DES AVIONS;AVIONS (AV DES AVIONS);35;3105550732;Toulouse;31555;1575630.3455;2265224.3072;1.4601361685833;43.5768658020141
BONNEFOY LEMAITRE;135;17;oui;2008;RUE DU FAUBOURG BONNEFOY;BONNEFOY (RUE DU FAUBOURG BONNEFOY);183;3105553204;Toulouse;31555;1575610.3563;2270362.3552;1.45872172860384;43.6231013627158
BILA;168;15;oui;2008;PL BILA;BILA (PL BILA);1;3105551168;Toulouse;31555;1575621.6977;2270749.422;1.4587742473841;43.6265865357441
RPT POINT LAFFORGUE;172;20;oui;2008;RPT DE L ABBE G. LAFFORGUE;LAFFORGUE (RPT DE L ABBE G. LAFFORGUE);0;3105550011;Toulouse;31555;1575842.8403;2272555.0238;1.46110410307354;43.6428719804186
METRO BOURGES MAUNOURY;175;30;oui;2008;AV MAURICE BOURGES MAUNOURY;MAUNOURY (AV MAURICE BOURGES MAUNOURY);00;3105555789;Toulouse;31555;1575125.2563;2272234.2956;1.45228507175573;43.6398670499216
BOURGES MAUNOURY MELAT;174;20;oui;2008;AV MAURICE BOURGES MAUNOURY;MAUNOURY (AV MAURICE BOURGES MAUNOURY);41;3105555789;Toulouse;31555;1575150.9309;2271906.4128;1.45267805538874;43.6369206349532
BOURGES MAUNOURY SEGLA;173;20;oui;2008;AV MAURICE BOURGES MAUNOURY;MAUNOURY (AV MAURICE BOURGES MAUNOURY);25;3105555789;Toulouse;31555;1574986.8054;2271498.0022;1.45073775462181;43.6332180523456
LAPUJADE FLANDRES;167;18;oui;2008;CHE DE LAPUJADE;LAPUJADE (CHE DE LAPUJADE);98;3105555028;Toulouse;31555;1575286.1786;2270480.0376;1.45467901611775;43.6241068133735
MAUNOURY PISAN;153;18;oui;2008;AV MAURICE BOURGES MAUNOURY;MAUNOURY (AV MAURICE BOURGES MAUNOURY);9;3105555789;Toulouse;31555;1574772.5032;2270985.9178;1.44819976763299;43.6285741117872
GUESDE TRENTE SIX  PONTS;68;18;oui;2008;ALL JULES GUESDE;GUESDE (ALL JULES GUESDE);3;3105554812;Toulouse;31555;1574465.7919;2267034.6264;1.44530594719119;43.5929644339827
LEDUC;5;19;oui;2008;RUE RENE LEDUC;LEDUC (RUE RENE LEDUC);5;3105557413;Toulouse;31555;1575431.2011;2269057.014;1.45679944035559;43.6113246752224
GENERAL COMPANS;176;18;oui;2008;RUE DU GEN JEAN COMPANS;COMPANS (RUE DU GEN JEAN COMPANS);1;3105552250;Toulouse;31555;1575522.9837;2268557.1342;1.45804986995685;43.6068412893927
BAILLAUD BRUNAUD;177;20;oui;2008;RUE BENJAMIN BAILLAUD;BAILLAUD (RUE BENJAMIN BAILLAUD);64;3105551044;Toulouse;31555;1576144.576;2269724.1712;1.46548404807038;43.6174462077025
PLACE DE LA ROSERAIE;178;20;oui;2008;AV YVES BRUNAUD;BRUNAUD (AV YVES BRUNAUD);98;3105558972;Toulouse;31555;1576410.2085;2269926.6132;1.46872867951541;43.6193116595603
CASSAING PLANA;179;17;oui;2008;CHE CASSAING;CASSAING (CHE CASSAING);4;3105551744;Toulouse;31555;1576800.2464;2269657.1282;1.47362082289602;43.6169503756862
PLACE SOUPETARD;180;15;oui;2008;PL DE SOUPETARD;SOUPETARD (PL DE SOUPETARD);3;3105558300;Toulouse;31555;1577107.6143;2269127.0062;1.4775471262401;43.6122298530376
PLANA GARNIER;181;15;oui;2008;RUE LOUIS PLANA;PLANA (RUE LOUIS PLANA);27;3105555396;Toulouse;31555;1577296.0851;2268792.8488;1.47995638245109;43.6092533843674
CHAUBET;182;20;oui;2008;AV JEAN CHAUBET;CHAUBET (AV JEAN CHAUBET);158;3105554540;Toulouse;31555;1577434.1265;2268424.564;1.48174849521764;43.6059615375278
MICHOUN LIPPMAN;184;18;oui;2008;CHE MICHOUN;MICHOUN (CHE MICHOUN);70;3105555932;Toulouse;31555;1576471.945;2270806.6788;1.46929476648627;43.6272417141926
ROUBICHOU ARLES;185;15;oui;2008;RUE ROUBICHOU;ROUBICHOU (RUE ROUBICHOU);30;3105557648;Toulouse;31555;1576174.1545;2270806.9592;1.46560543398029;43.6271953439374
BARRIERE DE BAYONNE;138;20;oui;2008;BRE DE BAYONNE;BAYONNE (BRE DE BAYONNE);2;3105550924;Toulouse;31555;1572446.6902;2267631.3226;1.4201670248656;43.5979952377904
DESBALS BACHAGA BOUALAM;186;18;oui;2008;IMP DU BACHAGA BOUALAM;BOUALAM (IMP DU BACHAGA BOUALAM);1;3105550793;Toulouse;31555;1571658.7611;2265562.8406;1.41089487522502;43.5792466903622
DESBALS MONT DORE;187;15;oui;2008;RUE HENRI DESBALS;DESBALS (RUE HENRI DESBALS);187;3105554140;Toulouse;31555;1572058.5087;2266147.5304;1.41570681317561;43.5845764258644
MURET LAFAGE;188;18;oui;2008;AV DE MURET;MURET (AV DE MURET);121;3105556160;Toulouse;31555;1573014.8732;2266098.0928;1.42755810865503;43.5842932430717
MURET BOUTINON;189;20;oui;2008;AV DE MURET;MURET (AV DE MURET);44;3105556160;Toulouse;31555;1572839.75;2265794.2378;1.42546059831496;43.581529240876
OUSTALOUS;190;20;oui;2008;RTE D ESPAGNE;ESPAGNE (RTE D ESPAGNE);39;3105553064;Toulouse;31555;1572712.4242;2265326.9986;1.42399290177347;43.5773029258501
ST SIMON QUATORZE JUILLET;191;20;oui;2008;RTE DE SAINT SIMON;SIMON (RTE DE SAINT SIMON);395;3105557988;Toulouse;31555;1572029.1591;2266752.7682;1.41520209844015;43.5900181346146
ST SIMON PRADO;192;18;oui;2008;RTE DE SAINT SIMON;SIMON (RTE DE SAINT SIMON);355;3105557988;Toulouse;31555;1571568.5619;2266512.45;1.40955573437537;43.5877771089998
LOMBEZ PETITE VITESSE;193;20;oui;2008;AV DE LOMBEZ;LOMBEZ (AV DE LOMBEZ);59;3105555308;Toulouse;31555;1572029.7366;2267293.953;1.41508282242247;43.5948884850853
GOUJON PUJOL;196;20;oui;2008;RUE JEAN GOUJON;GOUJON (RUE JEAN GOUJON);10;3105554584;Toulouse;31555;1575510.0295;2268001.1564;1.45801583559386;43.6018357449214
LAROUSSE RIEUX;195;20;oui;2008;AV JEAN RIEUX;RIEUX (AV JEAN RIEUX);4;3105554652;Toulouse;31555;1575577.1413;2267498.4748;1.45896112630866;43.5973230436429
CASERNE PERIGNON;197;20;oui;2008;AV LOUIS BLERIOT;BLERIOT (AV LOUIS BLERIOT);6;3105555360;Toulouse;31555;1575993.9304;2267821.7724;1.46404891285115;43.6003011978219
DELTOUR RIEUX;199;20;oui;2008;BD DELTOUR;DELTOUR (BD DELTOUR);4;3105552580;Toulouse;31555;1576457.8953;2266834.1472;1.47001711408819;43.5914894287774
PLACE DE L ORMEAU;200;20;oui;2008;AV JEAN RIEUX;RIEUX (AV JEAN RIEUX);345;3105554652;Toulouse;31555;1577531.9403;2265431.0402;1.48362912378026;43.5790375966545
POTEZ SAINT EXUPERY;201;20;oui;2008;AV ANTOINE DE ST EXUPERY;EXUPERY (AV ANTOINE DE ST EXUPERY);256;3105557772;Toulouse;31555;1577307.4713;2265514.1336;1.48083180350815;43.5797488883169
SAINT EXUPERIY ECOLE COURREGE;202;17;oui;2008;AV ANTOINE DE ST EXUPERY;EXUPERY (AV ANTOINE DE ST EXUPERY);165;3105557772;Toulouse;31555;1576909.3428;2265735.2502;1.47585362474565;43.581673901362
PETIT PRINCE SAINT EXUPERY;203;20;oui;2008;AV DU PETIT PRINCE;PRINCE (AV DU PETIT PRINCE);2;3105556790;Toulouse;31555;1576445.3422;2265951.413;1.47006075484635;43.5835433232293
COTTAGES RIEUX;205;17;oui;2008;AV DES COTTAGES;COTTAGES (AV DES COTTAGES);58;3105552340;Toulouse;31555;1576849.4305;2266203.5494;1.47500668599737;43.5858785218211
PL ROGER ARNAUD;204;18;oui;2008;PL ROGER ARNAUD;ARNAUD (PL ROGER ARNAUD);1;3105557568;Toulouse;31555;1575896.8173;2266329.7522;1.46318435934578;43.5868580251217
LEYGUE RIEUX;206;18;oui;2008;AV ARMAND LEYGUE;LEYGUE (AV ARMAND LEYGUE);20;3105550496;Toulouse;31555;1576065.3332;2267126.3204;1.4650904833343;43.5940543455013
CHRIST ROI;207;17;oui;2008;RUE DE L AUDE;AUDE (RUE DE L AUDE);25;3105550616;Toulouse;31555;1577404.8623;2265913.068;1.48194817911874;43.5833549065348
LIMAYRAC DARASSE;208;18;oui;2008;ALL DE LIMAYRAC;LIMAYRAC (ALL DE LIMAYRAC);;3105555273;Toulouse;31555;1577270.4308;2266785.1276;1.48008857920214;43.5911810321733
BAROUX DARASSE;209;17;oui;2008;AV LUCIEN BAROUX;BAROUX (AV LUCIEN BAROUX);4;3105555446;Toulouse;31555;1577170.0851;2266605.7998;1.47888635352404;43.5895508476564
FIRMIS;210;18;oui;2008;CHE DE LA TERRASSE;TERRASSE (CHE DE LA TERRASSE);42;3105558436;Toulouse;31555;1577490.5017;2266215.3092;1.48294081415045;43.58608881924
LE DORMEUR LA TERRASSE;211;18;oui;2008;RUE LE DORMEUR;DORMEUR (RUE LE DORMEUR);9;3105552746;Toulouse;31555;1577874.8591;2265918.3498;1.48776554499091;43.5834787322835
LAFILAIRE DELTOUR;198;20;oui;2008;CHE DE LAFILAIRE;LAFILAIRE (CHE DE LAFILAIRE);25;3105554932;Toulouse;31555;1576744.9499;2267355.434;1.47345400582045;43.5962276702336
ALBI PELET;171;20;oui;2008;RTE D ALBI;ALBI (RTE D ALBI);191;3105550124;Toulouse;31555;1576272.5444;2272347.0304;1.46647604379252;43.6410709316093
CRETES CHAUMIERES;212;17;oui;2008;RUE DE LA CHAUMIERE;CHAUMIERE (RUE DE LA CHAUMIERE);0;3105551989;Toulouse;31555;1576138.0254;2269476.6694;1.46545891345278;43.6152177967892
PUJOL CHAUBET;213;18;oui;2008;AV CAMILLE PUJOL;PUJOL (AV CAMILLE PUJOL);129;3105551584;Toulouse;31555;1576258.2035;2267862.3798;1.46731232250797;43.600710077627
CASTRES ACHIARY;214;17;oui;2008;AV DE CASTRES;CASTRES (AV DE CASTRES);48;3105551772;Toulouse;31555;1576762.6109;2267867.6414;1.47355743952202;43.6008400856499
METRO ARGOULETS;215;20;oui;2008;RUE DE GAILLAC;GAILLAC (RUE DE GAILLAC);8;3105553668;Toulouse;31555;1577001.2493;2270417.2906;1.47593975587374;43.6238241258909
ARGOULETS HOUDON;216;18;oui;2008;RUE JEAN HOUDON;HOUDON (RUE JEAN HOUDON);3;3105554592;Toulouse;31555;1576846.0124;2270302.0744;1.47404258888539;43.622761902725
PUCCINI BLAGNAC;219;18;oui;2008;RUE GIACOMO PUCCINI;PUCCINI (RUE GIACOMO PUCCINI);35;3105553888;Toulouse;31555;1571758.4873;2269485.6288;1.41121089956745;43.6145656940315
AMOUROUX SAINT TROPEZ;217;18;oui;2008;CHE AMOUROUX;AMOUROUX (CHE AMOUROUX);42;3105550260;Toulouse;31555;1576255.3762;2271091.9862;1.46654721088749;43.6297737136388
AMOUROUX SAINTE AUGUSTINE;218;18;oui;2008;CHE AMOUROUX;AMOUROUX (CHE AMOUROUX);24B;3105550260;Toulouse;31555;1575879.5917;2270864.5414;1.46194309591631;43.627665059382
TABAR UNIVERSITE;220;20;oui;2008;RUE UNIVERSITE DU MIRAIL;MIRAIL (RUE UNIVERSITE DU MIRAIL);3;3105558666;Toulouse;31555;1570941.6559;2265056.8986;1.40213704130626;43.5745711571162
VAUQUELIN;221;20;oui;2008;RUE NICOLAS L VAUQUELIN;VAUQUELIN (RUE NICOLAS L VAUQUELIN);85;3105556267;Toulouse;31555;1571311.1635;2265257.956;1.4066635857456;43.576443693102
FONTAINES CASSELARDIT;226;17;oui;2008;RUE DES FONTAINES;FONTAINES (RUE DES FONTAINES);292;3105553380;Toulouse;31555;1571418.0815;2268335.997;1.40726460663601;43.6041619432849
METRO PHARMACIE;228;20;oui;2008;CHE DES MARAICHERS;MARAICHERS (CHE DES MARAICHERS);35;3105555576;Toulouse;31555;1575960.5922;2264237.3774;1.46444748379563;43.5680384337328
METRO UPS;227;20;oui;2008;RTE DE NARBONNE;NARBONNE (RTE DE NARBONNE);118;3105556196;Toulouse;31555;1575831.3267;2263428.5066;1.46303076985776;43.5607377847451
IUT RANGUEIL;229;20;oui;2008;AV DE RANGUEIL;RANGUEIL (AV DE RANGUEIL);129;3105557268;Toulouse;31555;1575826.3672;2264623.4158;1.46269876705569;43.5714904569577
NARBONNE SAHUQUE;233;20;oui;2008;RTE DE NARBONNE;NARBONNE (RTE DE NARBONNE);105;3105556196;Toulouse;31555;1575490.3385;2264077.2052;1.45866363267974;43.566519469302
NARBONNE MIROUSE;232;18;oui;2008;RTE DE NARBONNE;NARBONNE (RTE DE NARBONNE);64;3105556196;Toulouse;31555;1575308.8803;2264379.0838;1.45634916182147;43.5692062093953
METRO RANGUEIL;166;20;oui;2008;RUE EMILE GUYOU;GUYOU (RUE EMILE GUYOU);00;3105552978;Toulouse;31555;1575808.4458;2264922.2226;1.46240924557147;43.5741765862335
RANGUEIL TRIPODE B;230;20;oui;2008;AV DE RANGUEIL;RANGUEIL (AV DE RANGUEIL);141;3105557268;Toulouse;31555;1576228.6635;2264156.4726;1.46778361535558;43.5673543907591
ALBI AVRANCHES;169;18;oui;2008;RTE D ALBI;ALBI (RTE D ALBI);78;3105550124;Toulouse;31555;1575987.4064;2271421.2784;1.46315260711255;43.6326930124648
CROIX DAURADE BIBLIOTHEQUE;170;17;oui;2008;CHE DE NICOL;NICOL (CHE DE NICOL);164;3105556262;Toulouse;31555;1576083.193;2271740.8216;1.46426701173367;43.6355844115324
LOUIN RAYNAL;234;17;oui;2008;RUE PIERRETTE LOUIN;LOUIN (RUE PIERRETTE LOUIN);4;3105556921;Toulouse;31555;1575037.575;2270928.2948;1.45149691297202;43.6280995726557
METRO LA VACHE;235;20;oui;2008;RUE PAUL VERLAINE;VERLAINE (RUE PAUL VERLAINE);8;3105556656;Toulouse;31555;1573754.6248;2271551.0174;1.4354588784155;43.6334896216766
TOEC ABBE LEMIRE;236;20;oui;2008;RUE DE L ABBE JULES LEMIRE;LEMIRE (RUE DE L ABBE JULES LEMIRE);1;3105554821;Toulouse;31555;1571120.4443;2267580.6014;1.40375645140907;43.5973131473342
BUTTE HERBETTES;238;17;oui;2008;CHE DE LA BUTTE;BUTTE (CHE DE LA BUTTE);50;3105551468;Toulouse;31555;1576680.8537;2265479.7268;1.47308252565461;43.5793370008923
LESPINET HERBETTES;239;18;oui;2008;AV DE LESPINET;LESPINET (AV DE LESPINET);127;3105555196;Toulouse;31555;1576386.5058;2265222.9032;1.46949669040651;43.5769775349279
JOB BLAGNAC;240;20;oui;2008;RTE DE BLAGNAC;BLAGNAC (RTE DE BLAGNAC);112;3105551180;Toulouse;31555;1571535.8236;2269761.3342;1.40838826425003;43.61700887561
RENAN VITRY;244;18;oui;2008;RUE ERNEST RENAN;RENAN (RUE ERNEST RENAN);93;3105553044;Toulouse;31555;1574435.2264;2271793.7236;1.44383583377536;43.6357875451528
ETATS UNIS FERRY;243;18;oui;2008;AV DES ETATS UNIS;UNIS (AV DES ETATS UNIS);96;3105553104;Toulouse;31555;1573453.7025;2271471.357;1.43174888302605;43.6327222473625
LAUNAGUET AUDIBERT;247;20;oui;2008;RTE DE LAUNAGUET;LAUNAGUET (RTE DE LAUNAGUET);112;3105555096;Toulouse;31555;1574046.1188;2271864.5446;1.43899830066467;43.6363599023378
BOUQUETINS ROSTAND;248;18;oui;2008;RUE EDMOND ROSTAND;ROSTAND (RUE EDMOND ROSTAND);139;3105552888;Toulouse;31555;1574825.9426;2272366.308;1.44854596555645;43.6410053602513
GRANDE BRETAGNE BADIOU;245;20;oui;2008;AV DE GRANDE BRETAGNE;BRETAGNE (AV DE GRANDE BRETAGNE);103B;3105553984;Toulouse;31555;1572041.3944;2267843.9064;1.41509868701061;43.5998396189992
WAGNER BRUNHES;246;20;oui;2008;BD RICHARD WAGNER;WAGNER (BD RICHARD WAGNER);29;3105557468;Toulouse;31555;1572451.8793;2268278.3564;1.4200805835929;43.6038189180874
CURIE CAMPISTRON;150;20;oui;2008;BD PIERRE ET MARIE CURIE;CURIE (BD PIERRE ET MARIE CURIE);88;3105556880;Toulouse;31555;1574078.7206;2270670.8882;1.43967698797064;43.6256234436256
JOLIMONT;251;20;oui;2008;AV LEON BLUM;BLUM (AV LEON BLUM);26;3105555152;Toulouse;31555;1575838.0306;2269381.7512;1.46176460069685;43.6143142235947
RAIMBAUD COLETTE;242;18;oui;2008;RUE ARTHUR RIMBAUD;RIMBAUD (RUE ARTHUR RIMBAUD);4;3105550546;Toulouse;31555;1573923.1148;2271577.355;1.43754039952603;43.6337548602802
PORT SAINT SAUVEUR;15;20;oui;2008;PORT SAINT SAUVEUR;SAUVEUR (PORT SAINT SAUVEUR);22;3105558066;Toulouse;31555;1575384.9535;2267399.791;1.45660377248074;43.5964032030335
LOMBEZ HIPPODROME;194;20;oui;2008;AV DE LOMBEZ;LOMBEZ (AV DE LOMBEZ);93;3105555308;Toulouse;31555;1571640.3637;2267201.7338;1.41028318209757;43.5939923678259
ETATS UNIS  CHARLAS;253;18;oui;2008;AV DES ETATS UNIS;UNIS (AV DES ETATS UNIS);75;3105553104;Toulouse;31555;1573497.3559;2271226.072;1.43234645778436;43.6305222243995
BELIN E.N.A.C.;223;20;oui;2008;AV DU COLONEL ROCHE;ROCHE (AV DU COLONEL ROCHE);4;3105552202;Toulouse;31555;1577063.312;2263878.0054;1.47817624528314;43.5649848900561
BELIN SUP AERO;224;20;oui;2008;AV EDOUARD BELIN;BELIN (AV EDOUARD BELIN);10;3105552894;Toulouse;31555;1576831.4839;2264048.1538;1.47526886930367;43.5664782977026
BELIN ONERA;225;20;oui;2008;AV EDOUARD BELIN;BELIN (AV EDOUARD BELIN);4;3105552894;Toulouse;31555;1576688.623;2264465.499;1.47340687834623;43.570210817469
BELIN C.N.R.S.;237;20;oui;2008;AV EDOUARD BELIN;BELIN (AV EDOUARD BELIN);16;3105552894;Toulouse;31555;1577282.6339;2263574.6252;1.48095852118614;43.5622903583441
MAIRIE CROIX DAURADE;249;18;oui;2008;RTE D ALBI;ALBI (RTE D ALBI);159;3105550124;Toulouse;31555;1576150.2446;2272041.8066;1.46502966620833;43.6383040631661
CESR;222;20;oui;2008;AV DU COLONEL ROCHE;ROCHE (AV DU COLONEL ROCHE);11;3105552202;Toulouse;31555;1576866.0135;2263669.5456;1.47578125220149;43.5630766724072
NEGRENEYS;252;20;oui;2008;RUE DE NEGRENEYS;NEGRENEYS (RUE DE NEGRENEYS);161;3105556236;Toulouse;31555;1574429.856;2270801.8744;1.44399694173504;43.6268608283031
ESPAGNE CHARPENTIER;241;20;oui;2008;RTE D ESPAGNE;ESPAGNE (RTE D ESPAGNE);57;3105553064;Toulouse;31555;1572727.6667;2265082.8824;1.42423826880092;43.575108621758
CUGNAUX GRAVETTE;183;18;oui;2008;RUE DE CUGNAUX;CUGNAUX (RUE DE CUGNAUX);66;3105552424;Toulouse;31555;1572780.67;2267092.2652;1.42442781968744;43.5932005795535
ELLA MAILLART - ROQUEMAUREL;9;17;oui;2008;RUE ELLA MAILLART;MAILLART (RUE ELLA MAILLART);8;3105552941;Toulouse;31555;1571639.516;2267428.0738;1.41021964501886;43.596029107549
NARBONNE IUFM;231;20;oui;2008;RTE DE NARBONNE;NARBONNE (RTE DE NARBONNE);217;3105556196;Toulouse;31555;1576004.6943;2263035.946;1.46526500951259;43.5572334844762
11 NOVEMBRE 1918;250;20;oui;2008;RUE DU ONZE NOVEMBRE 1918;NOVEMBRE 1918 (RUE DU ONZE NOVEMBRE 1918);00;3105556383;Toulouse;31555;1571983.1593;2267090.9332;1.41455354456212;43.5930535519731
BERNIES POSTE;131;18;oui;2008;RTE DE BLAGNAC;BLAGNAC (RTE DE BLAGNAC);15;3105551180;Toulouse;31555;1572020.6891;2269144.8706;1.41453821966138;43.6115437366424
MINIMES - SAINTE FAMILLE;124;20;oui;2008;AV DES MINIMES;MINIMES (AV DES MINIMES);22;3105555956;Toulouse;31555;1573824.7109;2269867.1148;1.43671552907841;43.6183476315013
CAMBARD;258;0;oui;2014;RUE CAMBARD;CAMBARD (RUE CAMBARD);;;Toulouse;31555;1577039.47;2271008.5648;1.47628037112437;43.6291513908803
NIEL;281;0;oui;2014;RUE SAINT ROCH;ROCH (RUE SAINT ROCH);;;Toulouse;31555;1574552.9531;2265451.9844;1.4467475124029;43.5787362371874
BAYLAC;268;0;oui;2014;AV DES ARENES ROMAINES;ROMAINES (AV DES ARENES ROMAINES);;3105550448;Toulouse;31555;1570614.3863;2268833.8088;1.39719406405762;43.6085042630987
VASSEUR;272;18;oui;2014;RUE ANDRE VASSEUR;VASSEUR (RUE ANDRE VASSEUR);;;Toulouse;31555;1576774.0188;2271711.9134;1.47283321498183;43.6354376042543
PLACE RICHÉ;259;20;oui;2013;PL PAUL RICHE;RICHE (PL PAUL RICHE);;3105556642;Toulouse;31555;1573556.2476;2273110.8604;1.43264037251444;43.6474935581951
